Experiment Number,Title,Batch B3,Batch B4,Batch B5
1,Create a web page with all possible elements of HTML5,,,
2,Create a web page with all types of Cascading Style Sheets,,,
3,Create a Responsive Web page with HTML and CSS,,,
4,Create Responsive web page with Bootstrap,,,
5,Programs to demonstrate JavaScript array, object and functions,,,
6,Client-Side Scripts for Form Validation using JavaScript,,,
7,Programs to familiarise ES6 concepts,,,
8,Programs to demonstrate DOM and event handling,,,
9,Programs using AJAX with HTML, XML and JSON data,,,
10,Programs to familiarize jQuery (2 programs),,,
11,Create a website with HTML, CSS and JavaScript (implement Ajax),,,
12,Programs to familiarize Server-Side Scripting using Node JS,,,
13,Programs using Mongo DB database with Node JS,,,
